_id;SOZIETATEA_EU/SOCIEDAD_EU;SOZIETATEA_CAS/SOCIEDAD_CAS;EKITALDIA/EJERCICIO;SAILA/DEPARTAMENTO;SAILAREN DESKRIBAPENA_EU/DESCRIPCION DEPARTAMENTO_EU;SAILAREN DESKRIBAPENA_CAS/DESCRIPCION DEPARTAMENTO_CAS;KAPITULUA/CAPITULO;KAPITULUAREN DESKRIBAPENA_EUS/DESCRIPCION CAPITULO_EUS;KAPITULUAREN DESKRIBAPENA_CAS/DESCRIPCION CAPITULO_CAS;ARTIKULUA/ARTICULO;ARTIKULUAREN DESKRIBAPENA_EUS/DESCRIPCION ARTICULO_EUS;ARTIKULUAREN DESKRIBAPENA_CAS/DESCRIPCION ARTICULO_CAS;TALDEA/GRUPO;TALDEAREN DESKRIBAPENA_EUS/DESCRIPCION GRUPO_EUS;TALDEAREN DESKRIBAPENA_CAS/DESCRIPCION GRUPO_CAS;KONTZEPTUA/CONCEPTO;KONTZEPTUAREN DESKRIBAPENA_EUS/DESCRIPCION CONCEPTO_EUS;KONTZEPTUAREN DESKRIBAPENA_CAS/DESCRIPCION CONCEPTO_CAS;AZPIKONTZEPTUA/SUBCONCEPTO;AZPIKONTZEPTUAREN DESKRIBAPENA_EUS/DESCRIPCION SUBCONCEPTO_EUS;AZPIKONTZEPTUAREN DESKRIBAPENA_CAS/DESCRIPCION SUBCONCEPTO_CAS;HASIERAKO KREDITUA/CREDITO INICIAL 2023 (Presupuestos)
1;UDAL;UDAL;2023;;KULTURA ETA GOBERNANTZA;CULTURA Y GOBERNANZA;3;TASAK ETA BESTE SARRERA BATZUK;TASAS Y OTROS INGRESOS;31;TOKI ESKUMENEKO ZERBITZUAK ESKAINI EDO JARDUERAK EGITEAGATIKO TASAK;TASAS POR PRESTACION DE SERVICIOS PUBLICOS O REALI;;;;310;ZERBITZU OROKORREN TASAK;TASAS POR SERVICIOS GENERALES;31004;DOKUMENTUAK EGITEKO ETA EMATEKO ZERBITZUAREN TASA;TASA POR EXPEDICION Y ENTREGA DE DOCUMENTOS;15.000
2;UDAL;UDAL;2023;110;KULTURA ETA GOBERNANTZA;CULTURA Y GOBERNANZA;4;TRANSFERENTZIA ARRUNTAK;TRANSFERENCIAS CORRIENTES;40;ESTATUKO TRANSFERENTZIA ARRUNTAK;TRANSFERENCIAS CORRIENTES DEL ESTADO;;;;401;ERAKUNDE AUTONOMOEN TRANSFERENTZIA ARRUNTAK;TRANSFERENCIAS CORRIENTES DE LOS ORGANISMOS AUTONO;40106;ARTE ESZENIKOEN ETA MUSIKAREN INSTITUTU NAZIONALA;INAEM.INSTUTUTO NACIONAL ARTES ESCÉNICAS Y MÚSICA;25.000
3;UDAL;UDAL;2023;110;KULTURA ETA GOBERNANTZA;CULTURA Y GOBERNANZA;4;TRANSFERENTZIA ARRUNTAK;TRANSFERENCIAS CORRIENTES;41;EUSKAL AUTONOMIA ERKIDEGOKO TRANSFERENTZIA ARRUNTAK;TRANSFERENCIAS CORRIENTES DE LA COMUNIDAD AUTONOMA;;;;410;EAE-KO ADMINISTRAZIO OROKORREKO TRANSFERENTZIA ARRUNTAK;TRANSFERENCIAS CORRIENTES DE LA ADMINISTRACION GEN;41002;EAE-KO HEZKUNTZA, UNIBERTSITATE ETA IKERKETA;C.A.P.V. EDUCACION, UNIVERSIDADES E INVESTIGACION;940.000
4;UDAL;UDAL;2023;110;KULTURA ETA GOBERNANTZA;CULTURA Y GOBERNANZA;4;TRANSFERENTZIA ARRUNTAK;TRANSFERENCIAS CORRIENTES;41;EUSKAL AUTONOMIA ERKIDEGOKO TRANSFERENTZIA ARRUNTAK;TRANSFERENCIAS CORRIENTES DE LA COMUNIDAD AUTONOMA;;;;410;EAE-KO ADMINISTRAZIO OROKORREKO TRANSFERENTZIA ARRUNTAK;TRANSFERENCIAS CORRIENTES DE LA ADMINISTRACION GEN;41004;EAE-KO KULTURA;C.A.P.V. CULTURA;118.000
5;UDAL;UDAL;2023;110;KULTURA ETA GOBERNANTZA;CULTURA Y GOBERNANZA;4;TRANSFERENTZIA ARRUNTAK;TRANSFERENCIAS CORRIENTES;41;EUSKAL AUTONOMIA ERKIDEGOKO TRANSFERENTZIA ARRUNTAK;TRANSFERENCIAS CORRIENTES DE LA COMUNIDAD AUTONOMA;;;;411;EAE-KO ERAKUNDE AUTONOMOEN TRANSFERENTZIA ARRUNTAK;TRANSFERENCIAS CORRIENTES DE LOS ORGANISMOS AUTONO;41101;HERRI ARDURALARITZAREN EUSKAL ERAKUNDEA (HAEE);INSTITUTO VASCO DE ADMINISTRACION PUBLICA (IVAP);120.000
6;UDAL;UDAL;2023;110;KULTURA ETA GOBERNANTZA;CULTURA Y GOBERNANZA;4;TRANSFERENTZIA ARRUNTAK;TRANSFERENCIAS CORRIENTES;42;BIZKAIKO LURRALDE HISTORIKOKO TRANSFERENTZIA ARRUNTAK;TRANSFERENCIAS CORRIENTES DEL TERRITORIO HISTORICO;;;;420;FORU ALDUNDIEN ETA BESTELAKO FORU ENTEEN TRANSFERENTZIA ARRUNTAK;TRANSFERENCIAS CORRIENTES DE LA DIPUTACION FORAL Y;42004;BFA. KULTURA;D.F.B. CULTURA;25.000
7;UDAL;UDAL;2023;110;KULTURA ETA GOBERNANTZA;CULTURA Y GOBERNANZA;7;KAPITAL TRANSFERENTZIAK;TRANSFERENCIAS DE CAPITAL;71;EUSKAL AUTONOMIA ERKIDEGOKO KAPITAL TRANSFERENTZIAK;TRANSFERENCIAS DE CAPITAL DE LA COMUNIDAD AUTONOMA;;;;710;EAE-KO ADMINISTRAZIO OROKORRAREN KAPITAL TRANSFERENTZIAK;TRANSFERENCIAS DE CAPITAL DE LA ADMINISTRACION GEN;71004;EAE-KO KULTURA;C.A.P.V. CULTURA;100.000
8;UDAL;UDAL;2023;110;KULTURA ETA GOBERNANTZA;CULTURA Y GOBERNANZA;8;FINANTZA AKTIBOAK;ACTIVOS FINANCIEROS;83;EPE LUZERAKO AURRERAKIN ETA MAILEGUEN ITZULERA;REINTEGRO DE ANTICIPOS Y PRESTAMOS A LARGO PLAZO;;;;833;TOKIKO SEKTORE PUBLIKOAREN KANPOTIKO E.L. AURRERAKIN ETA MAILEGUEN ITZULKETA;REINTEGRO DE ANTICIPOS Y PRESTAMOS A L/P DEL INTER;83301;PERTSONALAREN AURRERAKINEN ITZULKETA;REINTEGRO ANTICIPOS DEL PERSONAL;250.000
9;UDAL;UDAL;2023;110;KULTURA ETA GOBERNANTZA;CULTURA Y GOBERNANZA;8;FINANTZA AKTIBOAK;ACTIVOS FINANCIEROS;83;EPE LUZERAKO AURRERAKIN ETA MAILEGUEN ITZULERA;REINTEGRO DE ANTICIPOS Y PRESTAMOS A LARGO PLAZO;;;;833;TOKIKO SEKTORE PUBLIKOAREN KANPOTIKO E.L. AURRERAKIN ETA MAILEGUEN ITZULKETA;REINTEGRO DE ANTICIPOS Y PRESTAMOS A L/P DEL INTER;83302;ERAKUNDEAREN AURRERAKINAK ETA L/P MAILEGUAK ITZULTZEA;REINTEGROS ANTICIPOS Y PRÉSTAMOS L/P DE LA ENTIDAD;4.632.000
10;UDAL;UDAL;2023;120;EUSKARA ETA HEZKUNTZA;EUSKERA Y EDUCACIÓN;4;TRANSFERENTZIA ARRUNTAK;TRANSFERENCIAS CORRIENTES;41;EUSKAL AUTONOMIA ERKIDEGOKO TRANSFERENTZIA ARRUNTAK;TRANSFERENCIAS CORRIENTES DE LA COMUNIDAD AUTONOMA;;;;410;EAE-KO ADMINISTRAZIO OROKORREKO TRANSFERENTZIA ARRUNTAK;TRANSFERENCIAS CORRIENTES DE LA ADMINISTRACION GEN;41002;EAE-KO HEZKUNTZA, UNIBERTSITATE ETA IKERKETA;C.A.P.V. EDUCACION, UNIVERSIDADES E INVESTIGACION;330.000
11;UDAL;UDAL;2023;120;EUSKARA ETA HEZKUNTZA;EUSKERA Y EDUCACIÓN;4;TRANSFERENTZIA ARRUNTAK;TRANSFERENCIAS CORRIENTES;42;BIZKAIKO LURRALDE HISTORIKOKO TRANSFERENTZIA ARRUNTAK;TRANSFERENCIAS CORRIENTES DEL TERRITORIO HISTORICO;;;;420;FORU ALDUNDIEN ETA BESTELAKO FORU ENTEEN TRANSFERENTZIA ARRUNTAK;TRANSFERENCIAS CORRIENTES DE LA DIPUTACION FORAL Y;42004;BFA. KULTURA;D.F.B. CULTURA;20.500
12;UDAL;UDAL;2023;120;EUSKARA ETA HEZKUNTZA;EUSKERA Y EDUCACIÓN;7;KAPITAL TRANSFERENTZIAK;TRANSFERENCIAS DE CAPITAL;71;EUSKAL AUTONOMIA ERKIDEGOKO KAPITAL TRANSFERENTZIAK;TRANSFERENCIAS DE CAPITAL DE LA COMUNIDAD AUTONOMA;;;;710;EAE-KO ADMINISTRAZIO OROKORRAREN KAPITAL TRANSFERENTZIAK;TRANSFERENCIAS DE CAPITAL DE LA ADMINISTRACION GEN;71002;EAE-KO HEZKUNTZA, UNIBERTSITATE ETA IKERKETA;C.A.P.V. EDUCACION, UNIVERSIDADES E INVESTIGACION;900.000
13;UDAL;UDAL;2023;130;GAZTERIA ETA KIROLA;JUVENTUD Y DEPORTE;4;TRANSFERENTZIA ARRUNTAK;TRANSFERENCIAS CORRIENTES;40;ESTATUKO TRANSFERENTZIA ARRUNTAK;TRANSFERENCIAS CORRIENTES DEL ESTADO;;;;400;ESTATUAREN ADMINISTRAZIO OROKORRAREN TRANSFERENTZIA ARRUNTAK;TRANSFERENCIAS CORRIENTES DE LA ADMINISTRACION GEN;40005;SANITATE , ZERBITZU SOZIALA ETA BERDINTASUNA;MINISTERIO DE SANIDAD , SERV. SOCIALES E IGUALDAD;135.000
14;UDAL;UDAL;2023;130;GAZTERIA ETA KIROLA;JUVENTUD Y DEPORTE;4;TRANSFERENTZIA ARRUNTAK;TRANSFERENCIAS CORRIENTES;41;EUSKAL AUTONOMIA ERKIDEGOKO TRANSFERENTZIA ARRUNTAK;TRANSFERENCIAS CORRIENTES DE LA COMUNIDAD AUTONOMA;;;;410;EAE-KO ADMINISTRAZIO OROKORREKO TRANSFERENTZIA ARRUNTAK;TRANSFERENCIAS CORRIENTES DE LA ADMINISTRACION GEN;41014;EAE-KO BERDINTASUN, JUSTIZIA ETA GIZARTE POLITIKAK;C.A.P.V. IGUALDAD, JUSTICIA Y POLÍTICAS SOCIALES;421.400
15;UDAL;UDAL;2023;210;MUGIKORTASUN ETA JASANGARRITASUN;MOVILIDAD Y SOSTENIBILIDAD;4;TRANSFERENTZIA ARRUNTAK;TRANSFERENCIAS CORRIENTES;41;EUSKAL AUTONOMIA ERKIDEGOKO TRANSFERENTZIA ARRUNTAK;TRANSFERENCIAS CORRIENTES DE LA COMUNIDAD AUTONOMA;;;;410;EAE-KO ADMINISTRAZIO OROKORREKO TRANSFERENTZIA ARRUNTAK;TRANSFERENCIAS CORRIENTES DE LA ADMINISTRACION GEN;41003;EAE-KO INGURUMEN,LURRALDEPLANGINTZA,NEKATARITZA ETA ARRANTZA;C.A.P.V. MEDIO AMBIENTE, PLAN. TERRI, AGRI Y PESCA;11.000
16;UDAL;UDAL;2023;210;MUGIKORTASUN ETA JASANGARRITASUN;MOVILIDAD Y SOSTENIBILIDAD;5;ONDARE SARRERAK;INGRESOS PATRIMONIALES;55;EMAKIDA ETA APROBETXAMENDU BEREZIEN EMAITZAK;PRODUCTOS DE CONCESIONES Y APROVECHAMIENTOS ESPECI;;;;550;EMAKIDA ADMINISTRATIBOAK;CONCESIONES ADMINISTRATIVAS;55009;ADMINISTRAZIO EMAKIDAK APARKALEKUETAN;CONCESIONES ADMINISTRATIVAS APARCAMIENTOS;264.000
17;UDAL;UDAL;2023;210;MUGIKORTASUN ETA JASANGARRITASUN;MOVILIDAD Y SOSTENIBILIDAD;5;ONDARE SARRERAK;INGRESOS PATRIMONIALES;55;EMAKIDA ETA APROBETXAMENDU BEREZIEN EMAITZAK;PRODUCTOS DE CONCESIONES Y APROVECHAMIENTOS ESPECI;;;;550;EMAKIDA ADMINISTRATIBOAK;CONCESIONES ADMINISTRATIVAS;55010;APARKALEKUEN KANONAK;CANONES APARCAMIENTOS;3.150.000
18;UDAL;UDAL;2023;210;MUGIKORTASUN ETA JASANGARRITASUN;MOVILIDAD Y SOSTENIBILIDAD;7;KAPITAL TRANSFERENTZIAK;TRANSFERENCIAS DE CAPITAL;70;ESTATUKO KAPITAL TRANSFERENTZIA ;TRANSFERENCIAS DE CAPITAL DEL ESTADO;;;;700;ESTATUKO ADMINISTRAZIO OROKORRAREN KAPITAL-TRANSFERENTZIAK;TRANSFERENCIAS DE CAPITAL DE LA ADMINISTRACION GENERAL DEL ESTADO;70011;GARRAIO, MUGIKORTASUN ETA HIRI AGENDAKO MINISTERIOA;Mº TRANSPORTES, MOVILIDAD Y AGENDA URBANA;853.676
19;UDAL;UDAL;2023;230;OSASUN ETA KONTSUMOA;SALUD Y CONSUMO;4;TRANSFERENTZIA ARRUNTAK;TRANSFERENCIAS CORRIENTES;40;ESTATUKO TRANSFERENTZIA ARRUNTAK;TRANSFERENCIAS CORRIENTES DEL ESTADO;;;;409;BESTE ERAKUNDE PUBLIKO BATZUK;OTRAS ENTIDADES PÚBLICAS;40901;ESPAINIAKO UDALERRI ETA PROBINTZIEN FEDERAZIOA (FEMP);FEDERACIÓN ESPAÑOLA DE MUNICIPIOS Y PROVINCIAS;10.000
20;UDAL;UDAL;2023;230;OSASUN ETA KONTSUMOA;SALUD Y CONSUMO;4;TRANSFERENTZIA ARRUNTAK;TRANSFERENCIAS CORRIENTES;41;EUSKAL AUTONOMIA ERKIDEGOKO TRANSFERENTZIA ARRUNTAK;TRANSFERENCIAS CORRIENTES DE LA COMUNIDAD AUTONOMA;;;;410;EAE-KO ADMINISTRAZIO OROKORREKO TRANSFERENTZIA ARRUNTAK;TRANSFERENCIAS CORRIENTES DE LA ADMINISTRACION GEN;41001;ENPLEGU ETA GIZARTE GAIAK;C.A.P.V. EMPLEO Y ASUNTOS SOCIALES;119.000
21;UDAL;UDAL;2023;230;OSASUN ETA KONTSUMOA;SALUD Y CONSUMO;4;TRANSFERENTZIA ARRUNTAK;TRANSFERENCIAS CORRIENTES;41;EUSKAL AUTONOMIA ERKIDEGOKO TRANSFERENTZIA ARRUNTAK;TRANSFERENCIAS CORRIENTES DE LA COMUNIDAD AUTONOMA;;;;410;EAE-KO ADMINISTRAZIO OROKORREKO TRANSFERENTZIA ARRUNTAK;TRANSFERENCIAS CORRIENTES DE LA ADMINISTRACION GEN;41007;EAE-KO SANITATE ETA KONTSUMOA;C.A.P.V. SANIDAD Y CONSUMO;8.000
22;UDAL;UDAL;2023;230;OSASUN ETA KONTSUMOA;SALUD Y CONSUMO;4;TRANSFERENTZIA ARRUNTAK;TRANSFERENCIAS CORRIENTES;41;EUSKAL AUTONOMIA ERKIDEGOKO TRANSFERENTZIA ARRUNTAK;TRANSFERENCIAS CORRIENTES DE LA COMUNIDAD AUTONOMA;;;;411;EAE-KO ERAKUNDE AUTONOMOEN TRANSFERENTZIA ARRUNTAK;TRANSFERENCIAS CORRIENTES DE LOS ORGANISMOS AUTONO;41105;KONTSUMOAREN EUSKAL ERAKUNDEA. KONTSUMOBIDE;CAPV INSTITUTO VASCO DE CONSUMO. KONTSUMOBIDE;76.000
23;UDAL;UDAL;2023;310;GIZARTE EKINTZA;ACCIÓN SOCIAL;3;TASAK ETA BESTE SARRERA BATZUK;TASAS Y OTROS INGRESOS;38;ERAGIKETA ARRUNTEN ITZULKETAK;REINTEGROS DE OPERACIONES CORRIENTES;;;;380;ERAGIKETA ARRUNTEN ITZULKETAK;REINTEGROS DE OPERACIONES CORRIENTES;38001;ITXITAKO AURREKONTUEN ITZULKETAK;REINTEGROS DE PRESUPUESTOS CERRADOS;250.000
24;UDAL;UDAL;2023;310;GIZARTE EKINTZA;ACCIÓN SOCIAL;4;TRANSFERENTZIA ARRUNTAK;TRANSFERENCIAS CORRIENTES;41;EUSKAL AUTONOMIA ERKIDEGOKO TRANSFERENTZIA ARRUNTAK;TRANSFERENCIAS CORRIENTES DE LA COMUNIDAD AUTONOMA;;;;410;EAE-KO ADMINISTRAZIO OROKORREKO TRANSFERENTZIA ARRUNTAK;TRANSFERENCIAS CORRIENTES DE LA ADMINISTRACION GEN;41001;ENPLEGU ETA GIZARTE GAIAK;C.A.P.V. EMPLEO Y ASUNTOS SOCIALES;8.443.579
25;UDAL;UDAL;2023;310;GIZARTE EKINTZA;ACCIÓN SOCIAL;4;TRANSFERENTZIA ARRUNTAK;TRANSFERENCIAS CORRIENTES;42;BIZKAIKO LURRALDE HISTORIKOKO TRANSFERENTZIA ARRUNTAK;TRANSFERENCIAS CORRIENTES DEL TERRITORIO HISTORICO;;;;420;FORU ALDUNDIEN ETA BESTELAKO FORU ENTEEN TRANSFERENTZIA ARRUNTAK;TRANSFERENCIAS CORRIENTES DE LA DIPUTACION FORAL Y;42002;BFA. GIZARTEKINTZA;D.F.B. ACCION SOCIAL;3.896.700
26;UDAL;UDAL;2023;320;LANKIDETZA, BIZIKIDETZA ETA JAIAK;COOPERACIÓN, CONVIVENCIA Y FIESTAS;4;TRANSFERENTZIA ARRUNTAK;TRANSFERENCIAS CORRIENTES;41;EUSKAL AUTONOMIA ERKIDEGOKO TRANSFERENTZIA ARRUNTAK;TRANSFERENCIAS CORRIENTES DE LA COMUNIDAD AUTONOMA;;;;410;EAE-KO ADMINISTRAZIO OROKORREKO TRANSFERENTZIA ARRUNTAK;TRANSFERENCIAS CORRIENTES DE LA ADMINISTRACION GEN;41001;ENPLEGU ETA GIZARTE GAIAK;C.A.P.V. EMPLEO Y ASUNTOS SOCIALES;90.000
27;UDAL;UDAL;2023;320;LANKIDETZA, BIZIKIDETZA ETA JAIAK;COOPERACIÓN, CONVIVENCIA Y FIESTAS;4;TRANSFERENTZIA ARRUNTAK;TRANSFERENCIAS CORRIENTES;49;TRANSFERENCIAS CORRIENTES DEL EXTERIOR;TRANSFERENCIAS CORRIENTES DEL EXTERIOR;;;;493;ERKIDEGOKO BESTE FUNTS BATZUEN TRANSFERENTZIA ARRUNTAK;TRANSFERENCIAS CORRIENTES DE OTROS FONDOS COMUNITARIOS;49306;EB INTEGRAZIORAKO EUROPAKO FUNTSAK;U.E. FONDOS EUROPEOS PARA LA INTEGRACIÓN;15.500
28;UDAL;UDAL;2023;330;BERDINTASUNA;IGUALDAD;4;TRANSFERENTZIA ARRUNTAK;TRANSFERENCIAS CORRIENTES;40;ESTATUKO TRANSFERENTZIA ARRUNTAK;TRANSFERENCIAS CORRIENTES DEL ESTADO;;;;400;ESTATUAREN ADMINISTRAZIO OROKORRAREN TRANSFERENTZIA ARRUNTAK;TRANSFERENCIAS CORRIENTES DE LA ADMINISTRACION GEN;40005;SANITATE , ZERBITZU SOZIALA ETA BERDINTASUNA;MINISTERIO DE SANIDAD , SERV. SOCIALES E IGUALDAD;300.000
29;UDAL;UDAL;2023;330;BERDINTASUNA;IGUALDAD;4;TRANSFERENTZIA ARRUNTAK;TRANSFERENCIAS CORRIENTES;41;EUSKAL AUTONOMIA ERKIDEGOKO TRANSFERENTZIA ARRUNTAK;TRANSFERENCIAS CORRIENTES DE LA COMUNIDAD AUTONOMA;;;;411;EAE-KO ERAKUNDE AUTONOMOEN TRANSFERENTZIA ARRUNTAK;TRANSFERENCIAS CORRIENTES DE LOS ORGANISMOS AUTONO;41103;EMAKUMEAREN EUSKAL ERAKUNDEA (EMAKUNDE);INSTITUTO VASCO DE LA MUJER (EMAKUNDE);15.000
30;UDAL;UDAL;2023;410;OBRAK, HIRI PLANGINTZA ETA PROIEKTU ESTRATEGIKOAK;OBRAS, PLANIFICACIÓN URBANA Y PROY.ESTRATÉGICOS;5;ONDARE SARRERAK;INGRESOS PATRIMONIALES;55;EMAKIDA ETA APROBETXAMENDU BEREZIEN EMAITZAK;PRODUCTOS DE CONCESIONES Y APROVECHAMIENTOS ESPECI;;;;550;EMAKIDA ADMINISTRATIBOAK;CONCESIONES ADMINISTRATIVAS;55006;ADMINISTRAZIO EMAKIDAK ERAIKINAK;CONCESIONES ADMINISTRATIVAS EDIFICIOS;70.000
31;UDAL;UDAL;2023;410;OBRAK, HIRI PLANGINTZA ETA PROIEKTU ESTRATEGIKOAK;OBRAS, PLANIFICACIÓN URBANA Y PROY.ESTRATÉGICOS;6;INBERTSIO ERREALAK BESTERENGANATZETIK ETA HIRIGINTZAKO JARDUERETATIK ONDORIOZTATUTAKO BESTE SARRERA BATZUK;ENAJENACION INVERSIONES REALES Y ACTUAC.URBANÍSTIC;65;HIRIGINTZAKO JARDUERETATIK ONDORIOZTATUTAKO SARRERAK;ACTUACIONES URBANÍSTICAS;;;;651;HIRIGINTZAKO APROBETXAMENDUAK;APROVECHAMIENTOS URBANÍSTICOS;65109;KONPENTSAZIO URBANISTIKOAK;COMPENSACIONES URBANÍSTICAS;1.900.000
32;UDAL;UDAL;2023;410;OBRAK, HIRI PLANGINTZA ETA PROIEKTU ESTRATEGIKOAK;OBRAS, PLANIFICACIÓN URBANA Y PROY.ESTRATÉGICOS;7;KAPITAL TRANSFERENTZIAK;TRANSFERENCIAS DE CAPITAL;70;ESTATUAREN KAPITAL-TRANSFERENTZIAK;TRANSFERENCIAS DE CAPITAL DEL ESTADO;;;;700;ESTATUKO ADMINISTRAZIO OROKORRAREN KAPITAL-TRANSFERENTZIAK;TRANSFERENCIAS DE CAPITAL DE LA ADMINISTRACION GENERAL DEL ESTADO;70011;GARRAIO, MUGIKORTASUN ETA HIRI AGENDAKO MINISTERIOA;Mº TRANSPORTES, MOVILIDAD Y AGENDA URBANA;3.480.824
33;UDAL;UDAL;2023;410;OBRAK, HIRI PLANGINTZA ETA PROIEKTU ESTRATEGIKOAK;OBRAS, PLANIFICACIÓN URBANA Y PROY.ESTRATÉGICOS;7;KAPITAL TRANSFERENTZIAK;TRANSFERENCIAS DE CAPITAL;79;KANPOKO KAPITAL-TRANSFERENTZIAK;TRANSFERENCIAS DE CAPITAL DEL EXTERIOR;;;;791;ESKUALDE GARAPENEKO EUROPAKO FUNTSAREN KAPITAL TRANSFERENTZIAK;TRANSFERENCIAS DE CAPITAL DEL F.E.D.E.R.;79101;ESKUALDE GARAPENEKO EUROPAKO FUNTSA;F.E.D.E.R.;5.500.000
34;UDAL;UDAL;2023;420;ZERBITZU ETA BIZI KALITATEA;SERVICIOS Y CALIDAD DE VIDA;3;TASAK ETA BESTE SARRERA BATZUK;TASAS Y OTROS INGRESOS;39;BESTE SARRERA BATZUK;OTROS INGRESOS;;;;399;BESTE HAINBAT SARRERA;OTROS INGRESOS DIVERSOS;39905;ONTZIKIEN/PAPEREN GESTIORAKO SISTEMA INTEGRATUAK;SISTEMAS INTEGRADOS DE GESTION DE ENVASES/PAPEL;5.200.000
35;UDAL;UDAL;2023;420;ZERBITZU ETA BIZI KALITATEA;SERVICIOS Y CALIDAD DE VIDA;7;KAPITAL TRANSFERENTZIAK;TRANSFERENCIAS DE CAPITAL;72;BIZKAIKO LURRALDE HISTORIKOKO KAPITAL TRANSFERENTZIAK;TRANSFERENCIAS DE CAPITAL DEL TERRITORIO HISTORICO;;;;721;MANKOMUNITATE ETA KONTSORTZIOEN KAPITAL TRANSFERENTZIAK;TRANSFERENCIAS DE CAPITAL DE LAS MANCOMUNIDADES Y CONSORCIOS;72101;BILBO HANDIKO UREN PARTZUERGOA;CONSORCIO DE AGUAS DEL GRAN BILBAO;180.000
36;UDAL;UDAL;2023;510;EKONOMI GARAPEN, MERKATARITZA ETA ENPLEGU SAILA;DES. ECONÓMICO, COMERCIO Y EMPLEO;4;TRANSFERENTZIA ARRUNTAK;TRANSFERENCIAS CORRIENTES;41;EUSKAL AUTONOMIA ERKIDEGOKO TRANSFERENTZIA ARRUNTAK;TRANSFERENCIAS CORRIENTES DE LA COMUNIDAD AUTONOMA;;;;411;EAE-KO ERAKUNDE AUTONOMOEN TRANSFERENTZIA ARRUNTAK;TRANSFERENCIAS CORRIENTES DE LOS ORGANISMOS AUTONO;41106;LANBIDE. EUSKAL ENPLEGU ZERBITZUA;LANBIDE. SERVICIO VASCO DE EMPLEO;1.753.317
37;UDAL;UDAL;2023;520;OGASUNA;HACIENDA;1;ZUZENEKO ZERGAK;IMPUESTOS DIRECTOS;11;KAPITALAREN GAINEKO ZUZENEKO ZERGAK;IMPUESTOS DIRECTOS SOBRE EL CAPITAL;;;;112;ONDASUN HIGIEZINEN GAINEKO ZERGA;IMPUESTO SOBRE BIENES INMUEBLES;11202;HIRI ONDASUN HIGIEZINEN GAINEKO ZERGA;IMPUESTO SOBRE BIENES INMUEBLES DE NATURALEZA URBA;55.800.000
38;UDAL;UDAL;2023;520;OGASUNA;HACIENDA;1;ZUZENEKO ZERGAK;IMPUESTOS DIRECTOS;11;KAPITALAREN GAINEKO ZUZENEKO ZERGAK;IMPUESTOS DIRECTOS SOBRE EL CAPITAL;;;;113;TRAKZIO MEKANIKOZKO IBILGAILUEN GAINEKO ZERGA;IMPUESTO SOBRE VEHICULOS DE TRACCION MECANICA;11301;TRAKZIO MEKANIKOZKO IBILGAILUEN GAINEKO ZERGA;IMPUESTO SOBRE VEHICULOS DE TRACCION MECANICA;18.620.000
39;UDAL;UDAL;2023;520;OGASUNA;HACIENDA;1;ZUZENEKO ZERGAK;IMPUESTOS DIRECTOS;11;KAPITALAREN GAINEKO ZUZENEKO ZERGAK;IMPUESTOS DIRECTOS SOBRE EL CAPITAL;;;;114;LURREN BALIOAREN GEHIKUNTZAREN GAINEKO ZERGA;IMPUESTO SOBRE EL INCREMENTO DEL VALOR DE LOS TERRENOS;11401;LURREN BALIOAREN GEHIKUNTZAREN GAINEKO ZERGA;IMPUESTO SOBRE EL INCREMENTO DEL VALOR DE LOS TERRENOS;6.100.000
40;UDAL;UDAL;2023;520;OGASUNA;HACIENDA;1;ZUZENEKO ZERGAK;IMPUESTOS DIRECTOS;13;JARDUERA EKONOMIKOEN GAINEKO ZERGA;IMPUESTO SOBRE ACTIVIDADES ECONOMICAS;;;;130;JARDUERA EKONOMIKOEN GAINEKO ZERGA;IMPUESTO SOBRE ACTIVIDADES ECONOMICAS;13001;JARDUERA EKONOMIKOEN GAINEKO ZERGA;IMPUESTO SOBRE ACTIVIDADES ECONOMICAS;14.000.000
41;UDAL;UDAL;2023;520;OGASUNA;HACIENDA;2;ZEHARKAKO ZERGAK;IMPUESTOS INDIRECTOS;28;ZEHARKAKO BESTE ZERGA BATZUK;OTROS IMPUESTOS INDIRECTOS;;;;282;ERAIKUNTZA, INSTALAZIO ETA OBREN GAINEKO ZERGA;IMPUESTO SOBRE CONSTRUCCIONES, INSTALACIONES Y OBR;28201;ERAIKUNTZA LANEN, INSTALAZIOEN ETA OBREN GAINEKO ZERGA;IMPUESTO SOBRE CONSTRUCCIONES, INSTALACIONES Y OBR;8.800.000
42;UDAL;UDAL;2023;520;OGASUNA;HACIENDA;3;TASAK ETA BESTE SARRERA BATZUK;TASAS Y OTROS INGRESOS;30;SALMENTAK;VENTAS;;;;300;SALMENTAK;VENTAS;30004;UDAL GORDAILUAN BERTAN BEHERA UTZITAKO IBILGAILUEN SALMENTA;VENTA DE VEHICULOS ABANDONADOS EN DEPOSITOS MUNICI;80.000
43;UDAL;UDAL;2023;520;OGASUNA;HACIENDA;3;TASAK ETA BESTE SARRERA BATZUK;TASAS Y OTROS INGRESOS;31;TOKI ESKUMENEKO ZERBITZUAK ESKAINI EDO JARDUERAK EGITEAGATIKO TASAK;TASAS POR PRESTACION DE SERVICIOS PUBLICOS O REALI;;;;310;ZERBITZU OROKORREN TASAK;TASAS POR SERVICIOS GENERALES;31001;ZABORRAK ETA HIRI HONDAKIN SOLIDOAK ETXEAN BATZEAREN TASA;TASA POR RECOGIDA DOMICILIARIA DE BASURAS Y RESIDU;23.700.000
44;UDAL;UDAL;2023;520;OGASUNA;HACIENDA;3;TASAK ETA BESTE SARRERA BATZUK;TASAS Y OTROS INGRESOS;31;TOKI ESKUMENEKO ZERBITZUAK ESKAINI EDO JARDUERAK EGITEAGATIKO TASAK;TASAS POR PRESTACION DE SERVICIOS PUBLICOS O REALI;;;;310;ZERBITZU OROKORREN TASAK;TASAS POR SERVICIOS GENERALES;31002;ESTOLDERI ZERBITZUAREN TASA;TASA POR SERVICIO DE ALCANTARILLADO;7.920.000
45;UDAL;UDAL;2023;520;OGASUNA;HACIENDA;3;TASAK ETA BESTE SARRERA BATZUK;TASAS Y OTROS INGRESOS;31;TOKI ESKUMENEKO ZERBITZUAK ESKAINI EDO JARDUERAK EGITEAGATIKO TASAK;TASAS POR PRESTACION DE SERVICIOS PUBLICOS O REALI;;;;310;ZERBITZU OROKORREN TASAK;TASAS POR SERVICIOS GENERALES;31004;DOKUMENTUAK EGITEKO ETA EMATEKO ZERBITZUAREN TASA;TASA POR EXPEDICION Y ENTREGA DE DOCUMENTOS;17.000
46;UDAL;UDAL;2023;520;OGASUNA;HACIENDA;3;TASAK ETA BESTE SARRERA BATZUK;TASAS Y OTROS INGRESOS;31;TOKI ESKUMENEKO ZERBITZUAK ESKAINI EDO JARDUERAK EGITEAGATIKO TASAK;TASAS POR PRESTACION DE SERVICIOS PUBLICOS O REALI;;;;310;ZERBITZU OROKORREN TASAK;TASAS POR SERVICIOS GENERALES;31005;IBILGAILUAK BIDE PUBLIKOTIK EROATEKO ETA UDAL GORDAILUETAN EDUKITZEKO ZERB. TASA;TASA POR RETIRADA DE VEHICULOS DE LA VIA PUBLICA Y;525.000
47;UDAL;UDAL;2023;520;OGASUNA;HACIENDA;3;TASAK ETA BESTE SARRERA BATZUK;TASAS Y OTROS INGRESOS;31;TOKI ESKUMENEKO ZERBITZUAK ESKAINI EDO JARDUERAK EGITEAGATIKO TASAK;TASAS POR PRESTACION DE SERVICIOS PUBLICOS O REALI;;;;310;ZERBITZU OROKORREN TASAK;TASAS POR SERVICIOS GENERALES;31006;UDALTZAINGOAREN ZERBITZU BEREZIEN TASA;TASA POR SERVICIOS ESPECIALES DE LA POLICIA MUNICI;5.000
48;UDAL;UDAL;2023;520;OGASUNA;HACIENDA;3;TASAK ETA BESTE SARRERA BATZUK;TASAS Y OTROS INGRESOS;31;TOKI ESKUMENEKO ZERBITZUAK ESKAINI EDO JARDUERAK EGITEAGATIKO TASAK;TASAS POR PRESTACION DE SERVICIOS PUBLICOS O REALI;;;;310;ZERBITZU OROKORREN TASAK;TASAS POR SERVICIOS GENERALES;31008;UDALEKO SUHILTZAILEEN ETA BABES ZIBILAREN ZERBITZUEN TASA;TASA POR SERVICIOS DEL CUERPO MUNICIPAL DE BOMBERO;400.000
49;UDAL;UDAL;2023;520;OGASUNA;HACIENDA;3;TASAK ETA BESTE SARRERA BATZUK;TASAS Y OTROS INGRESOS;31;TOKI ESKUMENEKO ZERBITZUAK ESKAINI EDO JARDUERAK EGITEAGATIKO TASAK;TASAS POR PRESTACION DE SERVICIOS PUBLICOS O REALI;;;;310;ZERBITZU OROKORREN TASAK;TASAS POR SERVICIOS GENERALES;31009;UR HORNIDURAREN TASA;TASA POR ABASTECIMIENTO DE AGUAS;18.500.000
50;UDAL;UDAL;2023;520;OGASUNA;HACIENDA;3;TASAK ETA BESTE SARRERA BATZUK;TASAS Y OTROS INGRESOS;31;TOKI ESKUMENEKO ZERBITZUAK ESKAINI EDO JARDUERAK EGITEAGATIKO TASAK;TASAS POR PRESTACION DE SERVICIOS PUBLICOS O REALI;;;;310;ZERBITZU OROKORREN TASAK;TASAS POR SERVICIOS GENERALES;31015;ETXEZ ETXEKO LAGUNTZA ZERBITZUAREN ETA BESTE GIZARTE ZERBITZU BATZUEN TASA;TASA POR SERVICIO DE AYUDA A DOMICILIO Y OTROS SER;1.340.000
51;UDAL;UDAL;2023;520;OGASUNA;HACIENDA;3;TASAK ETA BESTE SARRERA BATZUK;TASAS Y OTROS INGRESOS;31;TOKI ESKUMENEKO ZERBITZUAK ESKAINI EDO JARDUERAK EGITEAGATIKO TASAK;TASAS POR PRESTACION DE SERVICIOS PUBLICOS O REALI;;;;310;ZERBITZU OROKORREN TASAK;TASAS POR SERVICIOS GENERALES;31021;OSASUN ZERBITZUEN TASA;TASA POR SERVICIOS SANITARIOS;15.000
52;UDAL;UDAL;2023;520;OGASUNA;HACIENDA;3;TASAK ETA BESTE SARRERA BATZUK;TASAS Y OTROS INGRESOS;31;TOKI ESKUMENEKO ZERBITZUAK ESKAINI EDO JARDUERAK EGITEAGATIKO TASAK;TASAS POR PRESTACION DE SERVICIOS PUBLICOS O REALI;;;;310;ZERBITZU OROKORREN TASAK;TASAS POR SERVICIOS GENERALES;31023;LAN OSASUNEKO ZERBITZUEN TASA;TASA POR SERVICIOS DE SANIDAD LABORAL;6.000
53;UDAL;UDAL;2023;520;OGASUNA;HACIENDA;3;TASAK ETA BESTE SARRERA BATZUK;TASAS Y OTROS INGRESOS;31;TOKI ESKUMENEKO ZERBITZUAK ESKAINI EDO JARDUERAK EGITEAGATIKO TASAK;TASAS POR PRESTACION DE SERVICIOS PUBLICOS O REALI;;;;310;ZERBITZU OROKORREN TASAK;TASAS POR SERVICIOS GENERALES;31024;ZERBITZU TEKNIKOAK EMATEAREN TASA;TASA POR LA PRESTACION DE SERVICIOS TECNICOS;90.000
54;UDAL;UDAL;2023;520;OGASUNA;HACIENDA;3;TASAK ETA BESTE SARRERA BATZUK;TASAS Y OTROS INGRESOS;31;TOKI ESKUMENEKO ZERBITZUAK ESKAINI EDO JARDUERAK EGITEAGATIKO TASAK;TASAS POR PRESTACION DE SERVICIOS PUBLICOS O REALI;;;;311;JARDUERA EKONOMIKOEN TASAK;TASAS SOBRE ACTIVIDADES ECONOMICAS;31101;ESTABLEZIMENDUAK ZABALTZEKO LIZENTZIAREN TASA;TASA POR LICENCIA DE APERTURA DE ESTABLECIMIENTOS;150.000
55;UDAL;UDAL;2023;520;OGASUNA;HACIENDA;3;TASAK ETA BESTE SARRERA BATZUK;TASAS Y OTROS INGRESOS;31;TOKI ESKUMENEKO ZERBITZUAK ESKAINI EDO JARDUERAK EGITEAGATIKO TASAK;TASAS POR PRESTACION DE SERVICIOS PUBLICOS O REALI;;;;311;JARDUERA EKONOMIKOEN TASAK;TASAS SOBRE ACTIVIDADES ECONOMICAS;31102;AUTOTAXIEN ETA BESTELAKO AKURA. IBILG. LIZENTZIAK EMATEKO EDO EGITEKO ZER. TASA;TASA POR CONCESION Y EXPEDICION DE LICENCIAS DE AU;60.000
56;UDAL;UDAL;2023;520;OGASUNA;HACIENDA;3;TASAK ETA BESTE SARRERA BATZUK;TASAS Y OTROS INGRESOS;31;TOKI ESKUMENEKO ZERBITZUAK ESKAINI EDO JARDUERAK EGITEAGATIKO TASAK;TASAS POR PRESTACION DE SERVICIOS PUBLICOS O REALI;;;;311;JARDUERA EKONOMIKOEN TASAK;TASAS SOBRE ACTIVIDADES ECONOMICAS;31105;EKITALDIENGATIKO ZERBITZUAK EMATEAGATIKO TASA;TASA POR PRESTACIÓN DE SERVICIOS POR EVENTOS;1.000
57;UDAL;UDAL;2023;520;OGASUNA;HACIENDA;3;TASAK ETA BESTE SARRERA BATZUK;TASAS Y OTROS INGRESOS;31;TOKI ESKUMENEKO ZERBITZUAK ESKAINI EDO JARDUERAK EGITEAGATIKO TASAK;TASAS POR PRESTACION DE SERVICIOS PUBLICOS O REALI;;;;312;HIGIEZINEN JABETZAREN TASAK;TASAS SOBRE LA PROPIEDAD INMOBILIARIA;31201;OBRETARAKO ETA HIRIGINTZA LANETARAKO LIZENTZIEN TASA;TASA POR LICENCIA DE OBRAS Y URBANISTICAS;5.450.000
58;UDAL;UDAL;2023;520;OGASUNA;HACIENDA;3;TASAK ETA BESTE SARRERA BATZUK;TASAS Y OTROS INGRESOS;32;TOKIKO HERRI JABARIAREN ERABILERA PRIBATIBOAGATIKO EDO APROBETXAMENDU BEREZIAGIKO TASAK;TASAS POR UTILIZACION PRIVATIVA O APROVECHAMIENTO;;;;320;ZERBITZU OROKORREN TASAK;TASAS POR SERVICIOS GENERALES;32001;TRAKZIO MEKANIKOZKO IBILGAILUAK APARKATZEAREN TASA;TASA POR ESTACIONAMIENTO DE VEHICULOS DE TRACCION;11.213.000
59;UDAL;UDAL;2023;520;OGASUNA;HACIENDA;3;TASAK ETA BESTE SARRERA BATZUK;TASAS Y OTROS INGRESOS;32;TOKIKO HERRI JABARIAREN ERABILERA PRIBATIBOAGATIKO EDO APROBETXAMENDU BEREZIAGIKO TASAK;TASAS POR UTILIZACION PRIVATIVA O APROVECHAMIENTO;;;;320;ZERBITZU OROKORREN TASAK;TASAS POR SERVICIOS GENERALES;32004;ZERBITZU OROKORREN BESTE TASA BATZUK;OTRAS TASAS POR SERVICIOS GENERALES;400.000
60;UDAL;UDAL;2023;520;OGASUNA;HACIENDA;3;TASAK ETA BESTE SARRERA BATZUK;TASAS Y OTROS INGRESOS;32;TOKIKO HERRI JABARIAREN ERABILERA PRIBATIBOAGATIKO EDO APROBETXAMENDU BEREZIAGIKO TASAK;TASAS POR UTILIZACION PRIVATIVA O APROVECHAMIENTO;;;;321;JARDUERA EKONOMIKOARI LAGUNTZEN EDO ERAGITEN DIOTEN TASAK;TASAS QUE BENEFICIAN O AFECTAN A LA ACTIVIDAD ECON;32103;HESI, ALDAMIO ETA OBRETAKO BESTE OSAGARRI BATZUEN TASA;TASA POR VALLAS, ANDAMIOS Y OTROS ELEMENTOS AUXILI;1.100.000
61;UDAL;UDAL;2023;520;OGASUNA;HACIENDA;3;TASAK ETA BESTE SARRERA BATZUK;TASAS Y OTROS INGRESOS;32;TOKIKO HERRI JABARIAREN ERABILERA PRIBATIBOAGATIKO EDO APROBETXAMENDU BEREZIAGIKO TASAK;TASAS POR UTILIZACION PRIVATIVA O APROVECHAMIENTO;;;;321;JARDUERA EKONOMIKOARI LAGUNTZEN EDO ERAGITEN DIOTEN TASAK;TASAS QUE BENEFICIAN O AFECTAN A LA ACTIVIDAD ECON;32104;MAHAI, AULKI ETA MAHAITXOEN TASA;TASA POR MESAS, SILLAS Y VELADORES;875.000
62;UDAL;UDAL;2023;520;OGASUNA;HACIENDA;3;TASAK ETA BESTE SARRERA BATZUK;TASAS Y OTROS INGRESOS;32;TOKIKO HERRI JABARIAREN ERABILERA PRIBATIBOAGATIKO EDO APROBETXAMENDU BEREZIAGIKO TASAK;TASAS POR UTILIZACION PRIVATIVA O APROVECHAMIENTO;;;;321;JARDUERA EKONOMIKOARI LAGUNTZEN EDO ERAGITEN DIOTEN TASAK;TASAS QUE BENEFICIAN O AFECTAN A LA ACTIVIDAD ECON;32105;POSTUAK, BARRAKAK ETA ZINEKO FILMATZE LANAK;TASA POR PUESTOS, BARRACAS Y RODAJES CINEMATOGRÁFI;850.000
63;UDAL;UDAL;2023;520;OGASUNA;HACIENDA;3;TASAK ETA BESTE SARRERA BATZUK;TASAS Y OTROS INGRESOS;32;TOKIKO HERRI JABARIAREN ERABILERA PRIBATIBOAGATIKO EDO APROBETXAMENDU BEREZIAGIKO TASAK;TASAS POR UTILIZACION PRIVATIVA O APROVECHAMIENTO;;;;321;JARDUERA EKONOMIKOARI LAGUNTZEN EDO ERAGITEN DIOTEN TASAK;TASAS QUE BENEFICIAN O AFECTAN A LA ACTIVIDAD ECON;32107;JABETZA PUBLIKOKO LURRETAN LAGINKETAK ETA ERRETENAK ZABALTZEAREN TASA;TASA POR APERTURA DE CALICATAS Y ZANJAS EN TERRENO;30.000
64;UDAL;UDAL;2023;520;OGASUNA;HACIENDA;3;TASAK ETA BESTE SARRERA BATZUK;TASAS Y OTROS INGRESOS;32;TOKIKO HERRI JABARIAREN ERABILERA PRIBATIBOAGATIKO EDO APROBETXAMENDU BEREZIAGIKO TASAK;TASAS POR UTILIZACION PRIVATIVA O APROVECHAMIENTO;;;;321;JARDUERA EKONOMIKOARI LAGUNTZEN EDO ERAGITEN DIOTEN TASAK;TASAS QUE BENEFICIAN O AFECTAN A LA ACTIVIDAD ECON;32109;HORNIDURA ZERBITZUAK USTIATZEN DITUZTEN ENPRESEK BIDE PUBLIKOA OKUPATZEAREN TASA;TASA POR OCUPACION VIA PUBLICA POR EMPRESAS EXPLOT;4.000.000
65;UDAL;UDAL;2023;520;OGASUNA;HACIENDA;3;TASAK ETA BESTE SARRERA BATZUK;TASAS Y OTROS INGRESOS;32;TOKIKO HERRI JABARIAREN ERABILERA PRIBATIBOAGATIKO EDO APROBETXAMENDU BEREZIAGIKO TASAK;TASAS POR UTILIZACION PRIVATIVA O APROVECHAMIENTO;;;;321;JARDUERA EKONOMIKOARI LAGUNTZEN EDO ERAGITEN DIOTEN TASAK;TASAS QUE BENEFICIAN O AFECTAN A LA ACTIVIDAD ECON;32110;ERAKUSMAHAIAK, BEIRA-ARASAK, PORTADAK ETA ABAR JARTZEAREN TASA;TASA POR INSTALACIONES DE ESCAPARATES,VITRINAS, PO;65.000
66;UDAL;UDAL;2023;520;OGASUNA;HACIENDA;3;TASAK ETA BESTE SARRERA BATZUK;TASAS Y OTROS INGRESOS;32;TOKIKO HERRI JABARIAREN ERABILERA PRIBATIBOAGATIKO EDO APROBETXAMENDU BEREZIAGIKO TASAK;TASAS POR UTILIZACION PRIVATIVA O APROVECHAMIENTO;;;;321;JARDUERA EKONOMIKOARI LAGUNTZEN EDO ERAGITEN DIOTEN TASAK;TASAS QUE BENEFICIAN O AFECTAN A LA ACTIVIDAD ECON;32112;UDALAREN LUR, HEGAL ETA LURPEAREN APROBETXAMENDU BEREZIEN TASA;TASA POR OTROS APROVECHAMIENTOS ESPECIALES DEL SUE;225.000
67;UDAL;UDAL;2023;520;OGASUNA;HACIENDA;3;TASAK ETA BESTE SARRERA BATZUK;TASAS Y OTROS INGRESOS;32;TOKIKO HERRI JABARIAREN ERABILERA PRIBATIBOAGATIKO EDO APROBETXAMENDU BEREZIAGIKO TASAK;TASAS POR UTILIZACION PRIVATIVA O APROVECHAMIENTO;;;;322;HIGIEZINEN JABETZARI LAGUNTZEN EDO ERAGITEN DIOTEN BESTELAKO TASAK;OTRAS TASAS QUE BENEFICIAN O AFECTAN A LA PROPIEDA;32201;IBILGAILUAK ESPALOIETATIK SARTZEAREN ETA BIDE PUBL. APARKALEKUA ERRESER. TASA;TASA ENTRADA DE VEHICULOS A TRAVES DE ACERAS Y RES;950.000
68;UDAL;UDAL;2023;520;OGASUNA;HACIENDA;3;TASAK ETA BESTE SARRERA BATZUK;TASAS Y OTROS INGRESOS;34;UDAL ESKUDUNTZAKO ZERBITZUAK EDO JARDUERAK BURUTZEAGATIKO PREZIO PUBLIKOAK;PRECIOS PUBLICOS POR LA PRESTACION DE SERVICIOS O;;;;340;ZERBITZU OROKORREN PREZIO PUBLIKOAK;PRECIOS PUBLICOS POR SERVICIOS GENERALES;34007;LIBURUAK, ARGITALPEN ETA BIDEOEN SALMENTAGATIKO PREZIO PUBLIKOA;PRECIO PÚBLICO VENTA LIBROS,PUBLICACIONES,VIDEOS;2.000
69;UDAL;UDAL;2023;520;OGASUNA;HACIENDA;3;TASAK ETA BESTE SARRERA BATZUK;TASAS Y OTROS INGRESOS;34;UDAL ESKUDUNTZAKO ZERBITZUAK EDO JARDUERAK BURUTZEAGATIKO PREZIO PUBLIKOAK;PRECIOS PUBLICOS POR LA PRESTACION DE SERVICIOS O;;;;341;JARDUERA EKONOMIKOEN ONERAKO DIREN PREZIO PUBLIKOAK;PRECIOS PUBLICOS SOBRE ACTIVIDADES ECONOMICAS;34102;UDAL JARDUERAK EDOTA ZERBITZUAK EMATEAGATIKO PREZIO PUBLIKOA;PRECIO PÚBL.POR PRESTACIÓN SERVICIOS O ACTIVIDADES;210.000
70;UDAL;UDAL;2023;520;OGASUNA;HACIENDA;3;TASAK ETA BESTE SARRERA BATZUK;TASAS Y OTROS INGRESOS;36;KONTRIBUZIO BEREZIAK;CONTRIBUCIONES ESPECIALES;;;;361;ZERBITZUAK JARTZEKO EDO HANDIAGOTZEKO KONTRIBUZIO BEREZIAK;CONTRIBUCIONES ESPECIALES PARA EL ESTABLECIMIENTO;36101;SUAK ITZALTZEKO ZERBITZUAREN KONTRIBUZIO BEREZIAK;CONTRIBUCIONES ESPECIALES POR EL SERVICIO DE EXTIN;1.700.000
71;UDAL;UDAL;2023;520;OGASUNA;HACIENDA;3;TASAK ETA BESTE SARRERA BATZUK;TASAS Y OTROS INGRESOS;38;ERAGIKETA ARRUNTEN ITZULKETAK;REINTEGROS DE OPERACIONES CORRIENTES;;;;380;ERAGIKETA ARRUNTEN ITZULKETAK;REINTEGROS DE OPERACIONES CORRIENTES;38001;ITXITAKO AURREKONTUEN ITZULKETAK;REINTEGROS DE PRESUPUESTOS CERRADOS;240.000
72;UDAL;UDAL;2023;520;OGASUNA;HACIENDA;3;TASAK ETA BESTE SARRERA BATZUK;TASAS Y OTROS INGRESOS;39;BESTE SARRERA BATZUK;OTROS INGRESOS;;;;391;ISUNAK;MULTAS;39101;ISUNAK TRAFIKOAREN LEGEAREN AURKAKO ARAU HAUSTEENGATIK;MULTAS POR INFRACCIONES A LA LEY DE TRAFICO;8.000.000
73;UDAL;UDAL;2023;520;OGASUNA;HACIENDA;3;TASAK ETA BESTE SARRERA BATZUK;TASAS Y OTROS INGRESOS;39;BESTE SARRERA BATZUK;OTROS INGRESOS;;;;391;ISUNAK;MULTAS;39102;ISUNAK TRAFIKO ETA APARKAMEN. (TAO) ORDENANTZAREN AURKAKO ARAU-HAUSTEENGATIK;MULTAS POR INFRACCIONES A ORDENANZAS DE TRAFICO Y;3.533.000
74;UDAL;UDAL;2023;520;OGASUNA;HACIENDA;3;TASAK ETA BESTE SARRERA BATZUK;TASAS Y OTROS INGRESOS;39;BESTE SARRERA BATZUK;OTROS INGRESOS;;;;391;ISUNAK;MULTAS;39103;ISUNAK ADMINISTRAZIOKO ARAU HAUSTEENGATIK;MULTAS POR INFRACCIONES ADMINISTRATIVAS;2.000.000
75;UDAL;UDAL;2023;520;OGASUNA;HACIENDA;3;TASAK ETA BESTE SARRERA BATZUK;TASAS Y OTROS INGRESOS;39;BESTE SARRERA BATZUK;OTROS INGRESOS;;;;391;ISUNAK;MULTAS;39104;ZERGEI DAGOZKIEN ISUNAK;MULTAS POR INFRACCIONES TRIBUTARIAS;100.000
76;UDAL;UDAL;2023;520;OGASUNA;HACIENDA;3;TASAK ETA BESTE SARRERA BATZUK;TASAS Y OTROS INGRESOS;39;BESTE SARRERA BATZUK;OTROS INGRESOS;;;;391;ISUNAK;MULTAS;39105;ISUNAK INGURUMENAREN AURKAKO ARAU HAUSTEENGATIK;MULTAS POR INFRACCIONES MEDIOAMBIENTALES;41.000
77;UDAL;UDAL;2023;520;OGASUNA;HACIENDA;3;TASAK ETA BESTE SARRERA BATZUK;TASAS Y OTROS INGRESOS;39;BESTE SARRERA BATZUK;OTROS INGRESOS;;;;392;PREMIAMENDU BIDEZKO ERREKARGUAK;RECARGOS DE APREMIOS;39201;PREMIAMENDU BIDEZKO ERREKARGUAK;RECARGOS DE APREMIOS;1.360.000
78;UDAL;UDAL;2023;520;OGASUNA;HACIENDA;3;TASAK ETA BESTE SARRERA BATZUK;TASAS Y OTROS INGRESOS;39;BESTE SARRERA BATZUK;OTROS INGRESOS;;;;393;BERANDUTZA INTERESAK;INTERESES DE DEMORA;39301;BERANDUTZA INTERESAK;INTERESES DE DEMORA;820.000
79;UDAL;UDAL;2023;520;OGASUNA;HACIENDA;3;TASAK ETA BESTE SARRERA BATZUK;TASAS Y OTROS INGRESOS;39;BESTE SARRERA BATZUK;OTROS INGRESOS;;;;396;KONPENTSAZIOAK;COMPENSACIONES;39601;ZERGA KONPENTSAZIOAK;COMPENSACIONES TRIBUTARIAS;1.150.000
80;UDAL;UDAL;2023;520;OGASUNA;HACIENDA;3;TASAK ETA BESTE SARRERA BATZUK;TASAS Y OTROS INGRESOS;39;BESTE SARRERA BATZUK;OTROS INGRESOS;;;;399;BESTE HAINBAT SARRERA;OTROS INGRESOS DIVERSOS;39903;BESTE UDAL BATZUETAKO ZABORREN BILKETA BEREZIA ETA SUNTSIPENA;RECOGIDA ESPECIAL Y DESTRUCCION DE BASURAS A OTROS;50.000
81;UDAL;UDAL;2023;520;OGASUNA;HACIENDA;3;TASAK ETA BESTE SARRERA BATZUK;TASAS Y OTROS INGRESOS;39;BESTE SARRERA BATZUK;OTROS INGRESOS;;;;399;BESTE HAINBAT SARRERA;OTROS INGRESOS DIVERSOS;39906;BERMEAK BETEARAZTEA;EJECUCION DE GARANTIAS;52.000
82;UDAL;UDAL;2023;520;OGASUNA;HACIENDA;3;TASAK ETA BESTE SARRERA BATZUK;TASAS Y OTROS INGRESOS;39;BESTE SARRERA BATZUK;OTROS INGRESOS;;;;399;BESTE HAINBAT SARRERA;OTROS INGRESOS DIVERSOS;39907;FAKTURAZIOAREN RAPPELA;RAPPEL SOBRE FACTURACION;2.000
83;UDAL;UDAL;2023;520;OGASUNA;HACIENDA;3;TASAK ETA BESTE SARRERA BATZUK;TASAS Y OTROS INGRESOS;39;BESTE SARRERA BATZUK;OTROS INGRESOS;;;;399;BESTE HAINBAT SARRERA;OTROS INGRESOS DIVERSOS;39908;BESTE UDAL BATZUEKIN ITUNDUTAKO ZERBITZUEN KONPENTSAZIOA;COMPENSACIÓN SERVICIOS CONCERTADOS OTROS AYTOS.;85.000
84;UDAL;UDAL;2023;520;OGASUNA;HACIENDA;3;TASAK ETA BESTE SARRERA BATZUK;TASAS Y OTROS INGRESOS;39;BESTE SARRERA BATZUK;OTROS INGRESOS;;;;399;BESTE HAINBAT SARRERA;OTROS INGRESOS DIVERSOS;39912;PARTIKULARREN KONTURAKO IRAGARKIAK;ANUNCIOS A CARGO DE PARTICULARES;1.000
85;UDAL;UDAL;2023;520;OGASUNA;HACIENDA;3;TASAK ETA BESTE SARRERA BATZUK;TASAS Y OTROS INGRESOS;39;BESTE SARRERA BATZUK;OTROS INGRESOS;;;;399;BESTE HAINBAT SARRERA;OTROS INGRESOS DIVERSOS;39913;OBREN ETA INSTALAZIOEN BETEARAZTE SUBSIDIARIOA PARTIKULARREN KONTURA;EJECUCION SUBSIDIARIA DE OBRAS E INSTALACIONES A C;252.000
86;UDAL;UDAL;2023;520;OGASUNA;HACIENDA;3;TASAK ETA BESTE SARRERA BATZUK;TASAS Y OTROS INGRESOS;39;BESTE SARRERA BATZUK;OTROS INGRESOS;;;;399;BESTE HAINBAT SARRERA;OTROS INGRESOS DIVERSOS;39916;KALTEAK UDAL ONDASUNETAN;DAÑOS EN BIENES MUNICIPALES;100.000
87;UDAL;UDAL;2023;520;OGASUNA;HACIENDA;3;TASAK ETA BESTE SARRERA BATZUK;TASAS Y OTROS INGRESOS;39;BESTE SARRERA BATZUK;OTROS INGRESOS;;;;399;BESTE HAINBAT SARRERA;OTROS INGRESOS DIVERSOS;39999;BESTE SARRERA BATZUK;OTROS INGRESOS;800.000
88;UDAL;UDAL;2023;520;OGASUNA;HACIENDA;4;TRANSFERENTZIA ARRUNTAK;TRANSFERENCIAS CORRIENTES;40;ESTATUKO TRANSFERENTZIA ARRUNTAK;TRANSFERENCIAS CORRIENTES DEL ESTADO;;;;400;ESTATUAREN ADMINISTRAZIO OROKORRAREN TRANSFERENTZIA ARRUNTAK;TRANSFERENCIAS CORRIENTES DE LA ADMINISTRACION GEN;40001;PARTAIDETZA ZERGA ITUNDU GABEETAN;PARTICIPACION EN TRIBUTOS NO CONCERTADOS;620.000
89;UDAL;UDAL;2023;520;OGASUNA;HACIENDA;4;TRANSFERENTZIA ARRUNTAK;TRANSFERENCIAS CORRIENTES;42;BIZKAIKO LURRALDE HISTORIKOKO TRANSFERENTZIA ARRUNTAK;TRANSFERENCIAS CORRIENTES DEL TERRITORIO HISTORICO;;;;420;FORU ALDUNDIEN ETA BESTELAKO FORU ENTEEN TRANSFERENTZIA ARRUNTAK;TRANSFERENCIAS CORRIENTES DE LA DIPUTACION FORAL Y;42001;BIZKAIKO FORU ALDUNDIA. PARTAIDETZA ZERGA ITUNDUETAN (UDALKUTXA);DIPUTACION FORAL DE BIZKAIA. PARTICIPACION EN TRIB;386.003.404
90;UDAL;UDAL;2023;520;OGASUNA;HACIENDA;4;TRANSFERENTZIA ARRUNTAK;TRANSFERENCIAS CORRIENTES;42;BIZKAIKO LURRALDE HISTORIKOKO TRANSFERENTZIA ARRUNTAK;TRANSFERENCIAS CORRIENTES DEL TERRITORIO HISTORICO;;;;420;FORU ALDUNDIEN ETA BESTELAKO FORU ENTEEN TRANSFERENTZIA ARRUNTAK;TRANSFERENCIAS CORRIENTES DE LA DIPUTACION FORAL Y;42007;BFA. OGASUN ETA FINANTZAK;D.F.B. HACIENDA Y FINANZAS;150.000
91;UDAL;UDAL;2023;520;OGASUNA;HACIENDA;5;ONDARE SARRERAK;INGRESOS PATRIMONIALES;51;L/P EMANDAKO AURRERAKINEN ETA MAILEGUEN INTERESAK;INTERESES DE ANTICIPOS Y PRÉSTAMOS CONCEDIDOS L/P;;;;514;ENPRESENTZAKO AURRERAKINAK ETA MAILEGUAK;ANTICIPOS Y PRÉSTAMOS A L/P A EMPRESAS;51403;BIZKAIKO LURRALDE HISTORIKOKO ENPRESA PUBLIKOENTZAKO L/P AURRERAKINAK/MAILEGUAK;ANTICIPOS/PRESTAMOS L/P A EMPRESAS PUBLICAS DE THB;565.500
92;UDAL;UDAL;2023;520;OGASUNA;HACIENDA;5;ONDARE SARRERAK;INGRESOS PATRIMONIALES;53;DIBIDENDUAK ETA MOZKINETAKO PARTAIDETZAK;DIVIDENDOS Y PARTICIPACIONES EN BENEFICIOS;;;;532;BESTE ENPRESA BATZUETAKO MOZKINETAKO DIBIDENDUAK ETA PARTE HARTZEAK;DIVIDENDOS Y PARTICIPACIONES EN BENEFICIOS DE OTRA;53201;MERCABILBAOREN MOZKINETAKO DIBIDENDUAK ETA PARTE HARTZEAK;DIVIDENDOS Y PARTICIPACIONES EN BENEFICIOS DE MERC;200.000
93;UDAL;UDAL;2023;520;OGASUNA;HACIENDA;5;ONDARE SARRERAK;INGRESOS PATRIMONIALES;53;DIBIDENDUAK ETA MOZKINETAKO PARTAIDETZAK;DIVIDENDOS Y PARTICIPACIONES EN BENEFICIOS;;;;532;BESTE ENPRESA BATZUETAKO MOZKINETAKO DIBIDENDUAK ETA PARTE HARTZEAK;DIVIDENDOS Y PARTICIPACIONES EN BENEFICIOS DE OTRA;53202;BIOARTIGASEN MOZKINETAKO DIBIDENDUAK ETA PARTE HARTZEAK;DIVIDENDOS Y PARTICIPACIONES EN BENEFICIOS DE BIOA;150.500
94;UDAL;UDAL;2023;520;OGASUNA;HACIENDA;5;ONDARE SARRERAK;INGRESOS PATRIMONIALES;54;ONDASUN HIGIEZINEN ERRENTAK;RENTAS DE BIENES INMUEBLES;;;;540;HIRI FINKEN ERRENTAMENDUAREN EMAITZA;PRODUCTO DEL ARRENDAMIENTO DE FINCAS URBANAS;54001;HIRI FINKEN ERRENTAMENDUA;ARRENDAMIENTOS DE FINCAS URBANAS;300.000
95;UDAL;UDAL;2023;520;OGASUNA;HACIENDA;5;ONDARE SARRERAK;INGRESOS PATRIMONIALES;55;EMAKIDA ETA APROBETXAMENDU BEREZIEN EMAITZAK;PRODUCTOS DE CONCESIONES Y APROVECHAMIENTOS ESPECI;;;;550;EMAKIDA ADMINISTRATIBOAK;CONCESIONES ADMINISTRATIVAS;55002;KIOSKOEN ADMINISTRAZIO EMAKIDA;CONCESIONES ADMINISTRATIVAS DE KIOSKOS;190.000
96;UDAL;UDAL;2023;520;OGASUNA;HACIENDA;5;ONDARE SARRERAK;INGRESOS PATRIMONIALES;55;EMAKIDA ETA APROBETXAMENDU BEREZIEN EMAITZAK;PRODUCTOS DE CONCESIONES Y APROVECHAMIENTOS ESPECI;;;;550;EMAKIDA ADMINISTRATIBOAK;CONCESIONES ADMINISTRATIVAS;55003;ADMINISTRAZIO EMAKIDA ELEKTRIKOAK USTIATZEKO;CONCESION ADMINISTRATIVA EXPLOTACION ELÉCTRICAS;720.000
97;UDAL;UDAL;2023;520;OGASUNA;HACIENDA;5;ONDARE SARRERAK;INGRESOS PATRIMONIALES;55;EMAKIDA ETA APROBETXAMENDU BEREZIEN EMAITZAK;PRODUCTOS DE CONCESIONES Y APROVECHAMIENTOS ESPECI;;;;550;EMAKIDA ADMINISTRATIBOAK;CONCESIONES ADMINISTRATIVAS;55007;ADMINISTRAZIO EMAKIDAK BESTE HIGIEZIN BATZUK;CONCESIONES ADMINISTRATIVAS OTROS INMUEBLES;100.000
98;UDAL;UDAL;2023;520;OGASUNA;HACIENDA;5;ONDARE SARRERAK;INGRESOS PATRIMONIALES;55;EMAKIDA ETA APROBETXAMENDU BEREZIEN EMAITZAK;PRODUCTOS DE CONCESIONES Y APROVECHAMIENTOS ESPECI;;;;559;BESTE SARRERA BATZUK ADMINISTRAZIO EMAKIDA ETA APROBETXAMENDU BEREZIENGATIK;OTROS INGRESOS POR CONCESIONES ADMINISTRATIVAS Y A;55999;BESTE SARRERA BATZUK ADMINISTRAZIO EMAKIDA ETA APROBETXAMENDUENGATIK;OTROS INGRESOS POR CONCESIONES ADMINISTRATIVAS Y A;92.300
99;UDAL;UDAL;2023;520;OGASUNA;HACIENDA;5;ONDARE SARRERAK;INGRESOS PATRIMONIALES;56;GORDAILUEN INTERESAK;INTERESES DE DEPOSITOS;;;;560;FINANTZA ETXEETAKO GORDAILUEN INTERESAK;INTERESES DE DEPOSITOS EN ENTIDADES FINANCIERAS;56001;FINANTZA ETXEETAKO GORDAILUEN INTERESAK;INTERESES DE DEPOSITOS EN ENTIDADES FINANCIERAS;187.700
100;UDAL;UDAL;2023;520;OGASUNA;HACIENDA;6;INBERTSIO ERREALAK BESTERENGANATZETIK ETA HIRIGINTZAKO JARDUERETATIK ONDORIOZTATUTAKO BESTE SARRERA BATZUK;ENAJENACION INVERSIONES REALES Y ACTUAC.URBANÍSTIC;60;LURRAK BESTERENTZEA;ENAJENACION DE TERRENOS;;;;600;ORUBEAK BESTERENTZEA;ENAJENACION DE SOLARES;60001;ORUBEAK BESTERENTZEA;ENAJENACION DE SOLARES;1.000
101;UDAL;UDAL;2023;520;OGASUNA;HACIENDA;6;INBERTSIO ERREALAK BESTERENGANATZETIK ETA HIRIGINTZAKO JARDUERETATIK ONDORIOZTATUTAKO BESTE SARRERA BATZUK;ENAJENACION INVERSIONES REALES Y ACTUAC.URBANÍSTIC;65;HIRIGINTZAKO JARDUERETATIK ONDORIOZTATUTAKO SARRERAK;ACTUACIONES URBANÍSTICAS;;;;650;URBANIZAZIO-KUOTAK;CUOTAS DE URBANIZACIÓN.;65001;URBANIZAZIO-KUOTAK;CUOTAS DE URBANIZACIÓN;1.700.000
102;UDAL;UDAL;2023;520;OGASUNA;HACIENDA;7;KAPITAL TRANSFERENTZIAK;TRANSFERENCIAS DE CAPITAL;71;EUSKAL AUTONOMIA ERKIDEGOKO KAPITAL TRANSFERENTZIAK;TRANSFERENCIAS DE CAPITAL DE LA COMUNIDAD AUTONOMA;;;;712;EAE-KO ERAKUNDE PUBLIKOEN KAPITAL TRANSFERENTZIAK;TRANSFERENCIAS DE CAPITAL DE LOS ENTES PUBLICOS DE;71201;EAE-KOENERGIAREN EUSKAL ERAKUNDEA;C.A.P.V. EVE-ENTE VASCO DE ENERGÍA;129.100
103;UDAL;UDAL;2023;520;OGASUNA;HACIENDA;9;FINANTZA PASIBOAK;PASIVOS FINANCIEROS;93;EPE LUZERA JASOTAKO MAILEGUAK;PRESTAMOS RECIBIDOS A LARGO PLAZO;;;;933;EPE LUZEKO MAILEGUAK SEKTORE PUBLIKOTIK KANPO;PRESTAMOS L/P DEL INTERIOR FUERA DEL SECTOR PUBLIC;93301;EPE LUZEKO MAILEGUAK SEKTORE PUBLIKOTIK KANPO;PRESTAMOS L/P DEL INTERIOR FUERA DEL SECTOR PUBLIC;26.983.000
104;UDAL;UDAL;2023;530;HERRITARREN ARRETA,PARTAIDETZA, NAZIOAR.;ATT., PARTICIPACIÓN CIUDADANA E INTERNACIONAL;4;TRANSFERENTZIA ARRUNTAK;TRANSFERENCIAS CORRIENTES;40;ESTATUKO TRANSFERENTZIA ARRUNTAK;TRANSFERENCIAS CORRIENTES DEL ESTADO;;;;401;ERAKUNDE AUTONOMOEN TRANSFERENTZIA ARRUNTAK;TRANSFERENCIAS CORRIENTES DE LOS ORGANISMOS AUTONO;40102;ESTATISTIKAKO INSTITUTU NAZIONALA (INE);INSTITUTO NACIONAL DE ESTADISTICA (INE);4.000
